Model,Train MAE,Train RMSE,Train R²,CV MAE,CV RMSE,CV R²,Coef Count
OLS,5645164.484498298,9550143.67168232,0.38959333538223917,5886020.989246606,9908397.278533297,0.33954729680090423,186
Ridge(λ=100.0),5560692.121092383,9636547.267988397,0.37849823194060617,5636144.238176344,9831182.387521505,0.3501495050957667,186
Lasso(α=100),5645825.780306806,9550241.666152157,0.3895808084954341,,,,186
